activeCases,activeCasesNew,recovered,recoveredNew,deaths,deathsNew,previousDayTests,totalCases,sourceUrl,lastUpdatedAtApify,readMe,regionData.region,regionData.activeCases,regionData.newInfected,regionData.recovered,regionData.newRecovered,regionData.deceased,regionData.newDeceased,regionData.totalInfected
361340,-2265,31597982,36347,433964,375,1721205,32393286,https://www.mohfw.gov.in/,2021-08-21T07:00:00.000Z,https://github.com/zpelechova/covid-in/blob/master/README.md,Andaman and Nicobar Islands,8,3,7419,0,129,0,7556
361340,-2265,31597982,36347,433964,375,1721205,32393286,https://www.mohfw.gov.in/,2021-08-21T07:00:00.000Z,https://github.com/zpelechova/covid-in/blob/master/README.md,Andhra Pradesh,15472,-266,1970864,1695,13702,6,2000038
361340,-2265,31597982,36347,433964,375,1721205,32393286,https://www.mohfw.gov.in/,2021-08-21T07:00:00.000Z,https://github.com/zpelechova/covid-in/blob/master/README.md,Arunachal Pradesh,1470,-94,50317,217,257,2,52044
361340,-2265,31597982,36347,433964,375,1721205,32393286,https://www.mohfw.gov.in/,2021-08-21T07:00:00.000Z,https://github.com/zpelechova/covid-in/blob/master/README.md,Assam,8257,-39,569650,734,5551,13,583458
361340,-2265,31597982,36347,433964,375,1721205,32393286,https://www.mohfw.gov.in/,2021-08-21T07:00:00.000Z,https://github.com/zpelechova/covid-in/blob/master/README.md,Bihar,169,-10,715742,21,9649,0,725560
361340,-2265,31597982,36347,433964,375,1721205,32393286,https://www.mohfw.gov.in/,2021-08-21T07:00:00.000Z,https://github.com/zpelechova/covid-in/blob/master/README.md,Chandigarh,43,-1,61201,5,812,1,62056
361340,-2265,31597982,36347,433964,375,1721205,32393286,https://www.mohfw.gov.in/,2021-08-21T07:00:00.000Z,https://github.com/zpelechova/covid-in/blob/master/README.md,Chhattisgarh,931,-28,989560,75,13552,1,1004043
361340,-2265,31597982,36347,433964,375,1721205,32393286,https://www.mohfw.gov.in/,2021-08-21T07:00:00.000Z,https://github.com/zpelechova/covid-in/blob/master/README.md,Dadra and Nagar Haveli and Daman and Diu,3,-1,10650,1,4,0,10657
361340,-2265,31597982,36347,433964,375,1721205,32393286,https://www.mohfw.gov.in/,2021-08-21T07:00:00.000Z,https://github.com/zpelechova/covid-in/blob/master/README.md,Delhi,459,11,1411736,46,25079,0,1437274
361340,-2265,31597982,36347,433964,375,1721205,32393286,https://www.mohfw.gov.in/,2021-08-21T07:00:00.000Z,https://github.com/zpelechova/covid-in/blob/master/README.md,Goa,906,4,168878,114,3182,2,172966
361340,-2265,31597982,36347,433964,375,1721205,32393286,https://www.mohfw.gov.in/,2021-08-21T07:00:00.000Z,https://github.com/zpelechova/covid-in/blob/master/README.md,Gujarat,186,3,815008,14,10078,0,825272
361340,-2265,31597982,36347,433964,375,1721205,32393286,https://www.mohfw.gov.in/,2021-08-21T07:00:00.000Z,https://github.com/zpelechova/covid-in/blob/master/README.md,Haryana,675,4,759972,16,9665,1,770312
361340,-2265,31597982,36347,433964,375,1721205,32393286,https://www.mohfw.gov.in/,2021-08-21T07:00:00.000Z,https://github.com/zpelechova/covid-in/blob/master/README.md,Himachal Pradesh,2413,-250,205457,402,3562,3,211432
361340,-2265,31597982,36347,433964,375,1721205,32393286,https://www.mohfw.gov.in/,2021-08-21T07:00:00.000Z,https://github.com/zpelechova/covid-in/blob/master/README.md,Jammu and Kashmir,1141,32,318409,126,4401,1,323951
361340,-2265,31597982,36347,433964,375,1721205,32393286,https://www.mohfw.gov.in/,2021-08-21T07:00:00.000Z,https://github.com/zpelechova/covid-in/blob/master/README.md,Jharkhand,215,-8,342360,25,5132,0,347707
361340,-2265,31597982,36347,433964,375,1721205,32393286,https://www.mohfw.gov.in/,2021-08-21T07:00:00.000Z,https://github.com/zpelechova/covid-in/blob/master/README.md,Karnataka,21187,28,2877785,1408,37105,17,2936077
361340,-2265,31597982,36347,433964,375,1721205,32393286,https://www.mohfw.gov.in/,2021-08-21T07:00:00.000Z,https://github.com/zpelechova/covid-in/blob/master/README.md,Kerala,182818,2983,3584634,17142,19345,99,3786797
361340,-2265,31597982,36347,433964,375,1721205,32393286,https://www.mohfw.gov.in/,2021-08-21T07:00:00.000Z,https://github.com/zpelechova/covid-in/blob/master/README.md,Ladakh,72,-9,20204,12,207,0,20483
361340,-2265,31597982,36347,433964,375,1721205,32393286,https://www.mohfw.gov.in/,2021-08-21T07:00:00.000Z,https://github.com/zpelechova/covid-in/blob/master/README.md,Lakshadweep,33,-2,10222,7,51,0,10306
361340,-2265,31597982,36347,433964,375,1721205,32393286,https://www.mohfw.gov.in/,2021-08-21T07:00:00.000Z,https://github.com/zpelechova/covid-in/blob/master/README.md,Madhya Pradesh,95,0,781479,8,10515,0,792089
361340,-2265,31597982,36347,433964,375,1721205,32393286,https://www.mohfw.gov.in/,2021-08-21T07:00:00.000Z,https://github.com/zpelechova/covid-in/blob/master/README.md,Maharashtra,58958,-2124,6221305,6384,135672,105,6415935
361340,-2265,31597982,36347,433964,375,1721205,32393286,https://www.mohfw.gov.in/,2021-08-21T07:00:00.000Z,https://github.com/zpelechova/covid-in/blob/master/README.md,Manipur,4303,-1205,104173,1570,1739,7,110215
361340,-2265,31597982,36347,433964,375,1721205,32393286,https://www.mohfw.gov.in/,2021-08-21T07:00:00.000Z,https://github.com/zpelechova/covid-in/blob/master/README.md,Meghalaya,3373,-48,68583,276,1261,4,73217
361340,-2265,31597982,36347,433964,375,1721205,32393286,https://www.mohfw.gov.in/,2021-08-21T07:00:00.000Z,https://github.com/zpelechova/covid-in/blob/master/README.md,Mizoram,7044,-580,44368,1223,192,2,51604
361340,-2265,31597982,36347,433964,375,1721205,32393286,https://www.mohfw.gov.in/,2021-08-21T07:00:00.000Z,https://github.com/zpelechova/covid-in/blob/master/README.md,Nagaland,1032,8,27841,83,609,1,29482
361340,-2265,31597982,36347,433964,375,1721205,32393286,https://www.mohfw.gov.in/,2021-08-21T07:00:00.000Z,https://github.com/zpelechova/covid-in/blob/master/README.md,Odisha,8705,-9,983245,926,7223,69,999173
361340,-2265,31597982,36347,433964,375,1721205,32393286,https://www.mohfw.gov.in/,2021-08-21T07:00:00.000Z,https://github.com/zpelechova/covid-in/blob/master/README.md,Puducherry,963,-8,120004,105,1806,0,122773
361340,-2265,31597982,36347,433964,375,1721205,32393286,https://www.mohfw.gov.in/,2021-08-21T07:00:00.000Z,https://github.com/zpelechova/covid-in/blob/master/README.md,Punjab,538,-33,583291,86,16351,4,600180
361340,-2265,31597982,36347,433964,375,1721205,32393286,https://www.mohfw.gov.in/,2021-08-21T07:00:00.000Z,https://github.com/zpelechova/covid-in/blob/master/README.md,Rajasthan,155,2,944886,12,8954,0,953995
361340,-2265,31597982,36347,433964,375,1721205,32393286,https://www.mohfw.gov.in/,2021-08-21T07:00:00.000Z,https://github.com/zpelechova/covid-in/blob/master/README.md,Sikkim,1706,-100,27087,182,364,0,29157
361340,-2265,31597982,36347,433964,375,1721205,32393286,https://www.mohfw.gov.in/,2021-08-21T07:00:00.000Z,https://github.com/zpelechova/covid-in/blob/master/README.md,Tamil Nadu,19621,-243,2543319,1887,34663,24,2597603
361340,-2265,31597982,36347,433964,375,1721205,32393286,https://www.mohfw.gov.in/,2021-08-21T07:00:00.000Z,https://github.com/zpelechova/covid-in/blob/master/README.md,Telangana,6728,-137,643812,494,3854,2,654394
361340,-2265,31597982,36347,433964,375,1721205,32393286,https://www.mohfw.gov.in/,2021-08-21T07:00:00.000Z,https://github.com/zpelechova/covid-in/blob/master/README.md,Tripura,1285,-122,79871,237,785,0,81941
361340,-2265,31597982,36347,433964,375,1721205,32393286,https://www.mohfw.gov.in/,2021-08-21T07:00:00.000Z,https://github.com/zpelechova/covid-in/blob/master/README.md,Uttarakhand,333,-9,335007,24,7376,0,342716
361340,-2265,31597982,36347,433964,375,1721205,32393286,https://www.mohfw.gov.in/,2021-08-21T07:00:00.000Z,https://github.com/zpelechova/covid-in/blob/master/README.md,Uttar Pradesh,408,1,1685877,23,22791,2,1709076
361340,-2265,31597982,36347,433964,375,1721205,32393286,https://www.mohfw.gov.in/,2021-08-21T07:00:00.000Z,https://github.com/zpelechova/covid-in/blob/master/README.md,West Bengal,9635,-18,1513766,767,18346,9,1541747
361340,-2265,31597982,36347,433964,375,1721205,32393286,https://www.mohfw.gov.in/,2021-08-22T03:00:00.000Z,https://github.com/zpelechova/covid-in/blob/master/README.md,Andaman and Nicobar Islands,8,3,7419,0,129,0,7556
361340,-2265,31597982,36347,433964,375,1721205,32393286,https://www.mohfw.gov.in/,2021-08-22T03:00:00.000Z,https://github.com/zpelechova/covid-in/blob/master/README.md,Andhra Pradesh,15472,-266,1970864,1695,13702,6,2000038
361340,-2265,31597982,36347,433964,375,1721205,32393286,https://www.mohfw.gov.in/,2021-08-22T03:00:00.000Z,https://github.com/zpelechova/covid-in/blob/master/README.md,Arunachal Pradesh,1470,-94,50317,217,257,2,52044
361340,-2265,31597982,36347,433964,375,1721205,32393286,https://www.mohfw.gov.in/,2021-08-22T03:00:00.000Z,https://github.com/zpelechova/covid-in/blob/master/README.md,Assam,8257,-39,569650,734,5551,13,583458
361340,-2265,31597982,36347,433964,375,1721205,32393286,https://www.mohfw.gov.in/,2021-08-22T03:00:00.000Z,https://github.com/zpelechova/covid-in/blob/master/README.md,Bihar,169,-10,715742,21,9649,0,725560
361340,-2265,31597982,36347,433964,375,1721205,32393286,https://www.mohfw.gov.in/,2021-08-22T03:00:00.000Z,https://github.com/zpelechova/covid-in/blob/master/README.md,Chandigarh,43,-1,61201,5,812,1,62056
361340,-2265,31597982,36347,433964,375,1721205,32393286,https://www.mohfw.gov.in/,2021-08-22T03:00:00.000Z,https://github.com/zpelechova/covid-in/blob/master/README.md,Chhattisgarh,931,-28,989560,75,13552,1,1004043
361340,-2265,31597982,36347,433964,375,1721205,32393286,https://www.mohfw.gov.in/,2021-08-22T03:00:00.000Z,https://github.com/zpelechova/covid-in/blob/master/README.md,Dadra and Nagar Haveli and Daman and Diu,3,-1,10650,1,4,0,10657
361340,-2265,31597982,36347,433964,375,1721205,32393286,https://www.mohfw.gov.in/,2021-08-22T03:00:00.000Z,https://github.com/zpelechova/covid-in/blob/master/README.md,Delhi,459,11,1411736,46,25079,0,1437274
361340,-2265,31597982,36347,433964,375,1721205,32393286,https://www.mohfw.gov.in/,2021-08-22T03:00:00.000Z,https://github.com/zpelechova/covid-in/blob/master/README.md,Goa,906,4,168878,114,3182,2,172966
361340,-2265,31597982,36347,433964,375,1721205,32393286,https://www.mohfw.gov.in/,2021-08-22T03:00:00.000Z,https://github.com/zpelechova/covid-in/blob/master/README.md,Gujarat,186,3,815008,14,10078,0,825272
361340,-2265,31597982,36347,433964,375,1721205,32393286,https://www.mohfw.gov.in/,2021-08-22T03:00:00.000Z,https://github.com/zpelechova/covid-in/blob/master/README.md,Haryana,675,4,759972,16,9665,1,770312
361340,-2265,31597982,36347,433964,375,1721205,32393286,https://www.mohfw.gov.in/,2021-08-22T03:00:00.000Z,https://github.com/zpelechova/covid-in/blob/master/README.md,Himachal Pradesh,2413,-250,205457,402,3562,3,211432
361340,-2265,31597982,36347,433964,375,1721205,32393286,https://www.mohfw.gov.in/,2021-08-22T03:00:00.000Z,https://github.com/zpelechova/covid-in/blob/master/README.md,Jammu and Kashmir,1141,32,318409,126,4401,1,323951
361340,-2265,31597982,36347,433964,375,1721205,32393286,https://www.mohfw.gov.in/,2021-08-22T03:00:00.000Z,https://github.com/zpelechova/covid-in/blob/master/README.md,Jharkhand,215,-8,342360,25,5132,0,347707
361340,-2265,31597982,36347,433964,375,1721205,32393286,https://www.mohfw.gov.in/,2021-08-22T03:00:00.000Z,https://github.com/zpelechova/covid-in/blob/master/README.md,Karnataka,21187,28,2877785,1408,37105,17,2936077
361340,-2265,31597982,36347,433964,375,1721205,32393286,https://www.mohfw.gov.in/,2021-08-22T03:00:00.000Z,https://github.com/zpelechova/covid-in/blob/master/README.md,Kerala,182818,2983,3584634,17142,19345,99,3786797
361340,-2265,31597982,36347,433964,375,1721205,32393286,https://www.mohfw.gov.in/,2021-08-22T03:00:00.000Z,https://github.com/zpelechova/covid-in/blob/master/README.md,Ladakh,72,-9,20204,12,207,0,20483
361340,-2265,31597982,36347,433964,375,1721205,32393286,https://www.mohfw.gov.in/,2021-08-22T03:00:00.000Z,https://github.com/zpelechova/covid-in/blob/master/README.md,Lakshadweep,33,-2,10222,7,51,0,10306
361340,-2265,31597982,36347,433964,375,1721205,32393286,https://www.mohfw.gov.in/,2021-08-22T03:00:00.000Z,https://github.com/zpelechova/covid-in/blob/master/README.md,Madhya Pradesh,95,0,781479,8,10515,0,792089
361340,-2265,31597982,36347,433964,375,1721205,32393286,https://www.mohfw.gov.in/,2021-08-22T03:00:00.000Z,https://github.com/zpelechova/covid-in/blob/master/README.md,Maharashtra,58958,-2124,6221305,6384,135672,105,6415935
361340,-2265,31597982,36347,433964,375,1721205,32393286,https://www.mohfw.gov.in/,2021-08-22T03:00:00.000Z,https://github.com/zpelechova/covid-in/blob/master/README.md,Manipur,4303,-1205,104173,1570,1739,7,110215
361340,-2265,31597982,36347,433964,375,1721205,32393286,https://www.mohfw.gov.in/,2021-08-22T03:00:00.000Z,https://github.com/zpelechova/covid-in/blob/master/README.md,Meghalaya,3373,-48,68583,276,1261,4,73217
361340,-2265,31597982,36347,433964,375,1721205,32393286,https://www.mohfw.gov.in/,2021-08-22T03:00:00.000Z,https://github.com/zpelechova/covid-in/blob/master/README.md,Mizoram,7044,-580,44368,1223,192,2,51604
361340,-2265,31597982,36347,433964,375,1721205,32393286,https://www.mohfw.gov.in/,2021-08-22T03:00:00.000Z,https://github.com/zpelechova/covid-in/blob/master/README.md,Nagaland,1032,8,27841,83,609,1,29482
361340,-2265,31597982,36347,433964,375,1721205,32393286,https://www.mohfw.gov.in/,2021-08-22T03:00:00.000Z,https://github.com/zpelechova/covid-in/blob/master/README.md,Odisha,8705,-9,983245,926,7223,69,999173
361340,-2265,31597982,36347,433964,375,1721205,32393286,https://www.mohfw.gov.in/,2021-08-22T03:00:00.000Z,https://github.com/zpelechova/covid-in/blob/master/README.md,Puducherry,963,-8,120004,105,1806,0,122773
361340,-2265,31597982,36347,433964,375,1721205,32393286,https://www.mohfw.gov.in/,2021-08-22T03:00:00.000Z,https://github.com/zpelechova/covid-in/blob/master/README.md,Punjab,538,-33,583291,86,16351,4,600180
361340,-2265,31597982,36347,433964,375,1721205,32393286,https://www.mohfw.gov.in/,2021-08-22T03:00:00.000Z,https://github.com/zpelechova/covid-in/blob/master/README.md,Rajasthan,155,2,944886,12,8954,0,953995
361340,-2265,31597982,36347,433964,375,1721205,32393286,https://www.mohfw.gov.in/,2021-08-22T03:00:00.000Z,https://github.com/zpelechova/covid-in/blob/master/README.md,Sikkim,1706,-100,27087,182,364,0,29157
361340,-2265,31597982,36347,433964,375,1721205,32393286,https://www.mohfw.gov.in/,2021-08-22T03:00:00.000Z,https://github.com/zpelechova/covid-in/blob/master/README.md,Tamil Nadu,19621,-243,2543319,1887,34663,24,2597603
361340,-2265,31597982,36347,433964,375,1721205,32393286,https://www.mohfw.gov.in/,2021-08-22T03:00:00.000Z,https://github.com/zpelechova/covid-in/blob/master/README.md,Telangana,6728,-137,643812,494,3854,2,654394
361340,-2265,31597982,36347,433964,375,1721205,32393286,https://www.mohfw.gov.in/,2021-08-22T03:00:00.000Z,https://github.com/zpelechova/covid-in/blob/master/README.md,Tripura,1285,-122,79871,237,785,0,81941
361340,-2265,31597982,36347,433964,375,1721205,32393286,https://www.mohfw.gov.in/,2021-08-22T03:00:00.000Z,https://github.com/zpelechova/covid-in/blob/master/README.md,Uttarakhand,333,-9,335007,24,7376,0,342716
361340,-2265,31597982,36347,433964,375,1721205,32393286,https://www.mohfw.gov.in/,2021-08-22T03:00:00.000Z,https://github.com/zpelechova/covid-in/blob/master/README.md,Uttar Pradesh,408,1,1685877,23,22791,2,1709076
361340,-2265,31597982,36347,433964,375,1721205,32393286,https://www.mohfw.gov.in/,2021-08-22T03:00:00.000Z,https://github.com/zpelechova/covid-in/blob/master/README.md,West Bengal,9635,-18,1513766,767,18346,9,1541747
353398,-7942,31636469,38487,434367,403,1585681,32424234,https://www.mohfw.gov.in/,2021-08-23T03:00:00.000Z,https://github.com/zpelechova/covid-in/blob/master/README.md,Andaman and Nicobar Islands,9,1,7419,0,129,0,7557
353398,-7942,31636469,38487,434367,403,1585681,32424234,https://www.mohfw.gov.in/,2021-08-23T03:00:00.000Z,https://github.com/zpelechova/covid-in/blob/master/README.md,Andhra Pradesh,15141,-331,1972399,1535,13715,13,2001255
353398,-7942,31636469,38487,434367,403,1585681,32424234,https://www.mohfw.gov.in/,2021-08-23T03:00:00.000Z,https://github.com/zpelechova/covid-in/blob/master/README.md,Arunachal Pradesh,1382,-88,50526,209,257,0,52165
353398,-7942,31636469,38487,434367,403,1585681,32424234,https://www.mohfw.gov.in/,2021-08-23T03:00:00.000Z,https://github.com/zpelechova/covid-in/blob/master/README.md,Assam,8224,-33,570308,658,5566,15,584098
353398,-7942,31636469,38487,434367,403,1585681,32424234,https://www.mohfw.gov.in/,2021-08-23T03:00:00.000Z,https://github.com/zpelechova/covid-in/blob/master/README.md,Bihar,147,-22,715772,30,9649,0,725568
353398,-7942,31636469,38487,434367,403,1585681,32424234,https://www.mohfw.gov.in/,2021-08-23T03:00:00.000Z,https://github.com/zpelechova/covid-in/blob/master/README.md,Chandigarh,44,1,61206,5,812,0,62062
353398,-7942,31636469,38487,434367,403,1585681,32424234,https://www.mohfw.gov.in/,2021-08-23T03:00:00.000Z,https://github.com/zpelechova/covid-in/blob/master/README.md,Chhattisgarh,897,-34,989668,108,13552,0,1004117
353398,-7942,31636469,38487,434367,403,1585681,32424234,https://www.mohfw.gov.in/,2021-08-23T03:00:00.000Z,https://github.com/zpelechova/covid-in/blob/master/README.md,Dadra and Nagar Haveli and Daman and Diu,4,1,10651,1,4,0,10659
353398,-7942,31636469,38487,434367,403,1585681,32424234,https://www.mohfw.gov.in/,2021-08-23T03:00:00.000Z,https://github.com/zpelechova/covid-in/blob/master/README.md,Delhi,430,-29,1411784,48,25079,0,1437293
353398,-7942,31636469,38487,434367,403,1585681,32424234,https://www.mohfw.gov.in/,2021-08-23T03:00:00.000Z,https://github.com/zpelechova/covid-in/blob/master/README.md,Goa,915,9,168989,111,3184,2,173088
353398,-7942,31636469,38487,434367,403,1585681,32424234,https://www.mohfw.gov.in/,2021-08-23T03:00:00.000Z,https://github.com/zpelechova/covid-in/blob/master/README.md,Gujarat,184,-2,815024,16,10079,1,825287
353398,-7942,31636469,38487,434367,403,1585681,32424234,https://www.mohfw.gov.in/,2021-08-23T03:00:00.000Z,https://github.com/zpelechova/covid-in/blob/master/README.md,Haryana,675,0,759990,18,9666,1,770331
353398,-7942,31636469,38487,434367,403,1585681,32424234,https://www.mohfw.gov.in/,2021-08-23T03:00:00.000Z,https://github.com/zpelechova/covid-in/blob/master/README.md,Himachal Pradesh,2276,-137,205793,336,3563,1,211632
353398,-7942,31636469,38487,434367,403,1585681,32424234,https://www.mohfw.gov.in/,2021-08-23T03:00:00.000Z,https://github.com/zpelechova/covid-in/blob/master/README.md,Jammu and Kashmir,1159,18,318535,126,4401,0,324095
353398,-7942,31636469,38487,434367,403,1585681,32424234,https://www.mohfw.gov.in/,2021-08-23T03:00:00.000Z,https://github.com/zpelechova/covid-in/blob/master/README.md,Jharkhand,213,-2,342380,20,5132,0,347725
353398,-7942,31636469,38487,434367,403,1585681,32424234,https://www.mohfw.gov.in/,2021-08-23T03:00:00.000Z,https://github.com/zpelechova/covid-in/blob/master/README.md,Karnataka,20871,-316,2879433,1648,37123,18,2937427
353398,-7942,31636469,38487,434367,403,1585681,32424234,https://www.mohfw.gov.in/,2021-08-23T03:00:00.000Z,https://github.com/zpelechova/covid-in/blob/master/README.md,Kerala,178995,-3823,3605480,20846,19428,83,3803903
353398,-7942,31636469,38487,434367,403,1585681,32424234,https://www.mohfw.gov.in/,2021-08-23T03:00:00.000Z,https://github.com/zpelechova/covid-in/blob/master/README.md,Ladakh,68,-4,20216,12,207,0,20491
353398,-7942,31636469,38487,434367,403,1585681,32424234,https://www.mohfw.gov.in/,2021-08-23T03:00:00.000Z,https://github.com/zpelechova/covid-in/blob/master/README.md,Lakshadweep,26,-7,10231,9,51,0,10308
353398,-7942,31636469,38487,434367,403,1585681,32424234,https://www.mohfw.gov.in/,2021-08-23T03:00:00.000Z,https://github.com/zpelechova/covid-in/blob/master/README.md,Madhya Pradesh,88,-7,781493,14,10515,0,792096
353398,-7942,31636469,38487,434367,403,1585681,32424234,https://www.mohfw.gov.in/,2021-08-23T03:00:00.000Z,https://github.com/zpelechova/covid-in/blob/master/README.md,Maharashtra,57474,-1484,6227219,5914,135817,145,6420510
353398,-7942,31636469,38487,434367,403,1585681,32424234,https://www.mohfw.gov.in/,2021-08-23T03:00:00.000Z,https://github.com/zpelechova/covid-in/blob/master/README.md,Manipur,4139,-164,104771,598,1747,8,110657
353398,-7942,31636469,38487,434367,403,1585681,32424234,https://www.mohfw.gov.in/,2021-08-23T03:00:00.000Z,https://github.com/zpelechova/covid-in/blob/master/README.md,Meghalaya,3136,-237,69043,460,1269,8,73448
353398,-7942,31636469,38487,434367,403,1585681,32424234,https://www.mohfw.gov.in/,2021-08-23T03:00:00.000Z,https://github.com/zpelechova/covid-in/blob/master/README.md,Mizoram,6568,-476,45418,1050,194,2,52180
353398,-7942,31636469,38487,434367,403,1585681,32424234,https://www.mohfw.gov.in/,2021-08-23T03:00:00.000Z,https://github.com/zpelechova/covid-in/blob/master/README.md,Nagaland,994,-38,27951,110,609,0,29554
353398,-7942,31636469,38487,434367,403,1585681,32424234,https://www.mohfw.gov.in/,2021-08-23T03:00:00.000Z,https://github.com/zpelechova/covid-in/blob/master/README.md,Odisha,8571,-134,984224,979,7289,66,1000084
353398,-7942,31636469,38487,434367,403,1585681,32424234,https://www.mohfw.gov.in/,2021-08-23T03:00:00.000Z,https://github.com/zpelechova/covid-in/blob/master/README.md,Puducherry,908,-55,120116,112,1808,2,122832
353398,-7942,31636469,38487,434367,403,1585681,32424234,https://www.mohfw.gov.in/,2021-08-23T03:00:00.000Z,https://github.com/zpelechova/covid-in/blob/master/README.md,Punjab,493,-45,583380,89,16352,1,600225
353398,-7942,31636469,38487,434367,403,1585681,32424234,https://www.mohfw.gov.in/,2021-08-23T03:00:00.000Z,https://github.com/zpelechova/covid-in/blob/master/README.md,Rajasthan,167,12,944897,11,8954,0,954018
353398,-7942,31636469,38487,434367,403,1585681,32424234,https://www.mohfw.gov.in/,2021-08-23T03:00:00.000Z,https://github.com/zpelechova/covid-in/blob/master/README.md,Sikkim,1630,-76,27250,163,364,0,29244
353398,-7942,31636469,38487,434367,403,1585681,32424234,https://www.mohfw.gov.in/,2021-08-23T03:00:00.000Z,https://github.com/zpelechova/covid-in/blob/master/README.md,Tamil Nadu,19391,-230,2545178,1859,34686,23,2599255
353398,-7942,31636469,38487,434367,403,1585681,32424234,https://www.mohfw.gov.in/,2021-08-23T03:00:00.000Z,https://github.com/zpelechova/covid-in/blob/master/README.md,Telangana,6608,-120,644294,482,3856,2,654758
353398,-7942,31636469,38487,434367,403,1585681,32424234,https://www.mohfw.gov.in/,2021-08-23T03:00:00.000Z,https://github.com/zpelechova/covid-in/blob/master/README.md,Tripura,1249,-36,80016,145,785,0,82050
353398,-7942,31636469,38487,434367,403,1585681,32424234,https://www.mohfw.gov.in/,2021-08-23T03:00:00.000Z,https://github.com/zpelechova/covid-in/blob/master/README.md,Uttarakhand,321,-12,335039,32,7377,1,342737
353398,-7942,31636469,38487,434367,403,1585681,32424234,https://www.mohfw.gov.in/,2021-08-23T03:00:00.000Z,https://github.com/zpelechova/covid-in/blob/master/README.md,Uttar Pradesh,407,-1,1685901,24,22792,1,1709100
353398,-7942,31636469,38487,434367,403,1585681,32424234,https://www.mohfw.gov.in/,2021-08-23T03:00:00.000Z,https://github.com/zpelechova/covid-in/blob/master/README.md,West Bengal,9594,-41,1514475,709,18356,10,1542425
333924,-19474,31680626,44157,434756,389,1295160,32449306,https://www.mohfw.gov.in/,2021-08-24T02:00:00.000Z,https://github.com/zpelechova/covid-in/blob/master/README.md,Andaman and Nicobar Islands,8,-1,7420,1,129,0,7557
333924,-19474,31680626,44157,434756,389,1295160,32449306,https://www.mohfw.gov.in/,2021-08-24T02:00:00.000Z,https://github.com/zpelechova/covid-in/blob/master/README.md,Andhra Pradesh,14677,-464,1973940,1541,13723,8,2002340
333924,-19474,31680626,44157,434756,389,1295160,32449306,https://www.mohfw.gov.in/,2021-08-24T02:00:00.000Z,https://github.com/zpelechova/covid-in/blob/master/README.md,Arunachal Pradesh,1260,-122,50695,169,259,2,52214
333924,-19474,31680626,44157,434756,389,1295160,32449306,https://www.mohfw.gov.in/,2021-08-24T02:00:00.000Z,https://github.com/zpelechova/covid-in/blob/master/README.md,Assam,8011,-213,570847,539,5576,10,584434
333924,-19474,31680626,44157,434756,389,1295160,32449306,https://www.mohfw.gov.in/,2021-08-24T02:00:00.000Z,https://github.com/zpelechova/covid-in/blob/master/README.md,Bihar,141,-6,715798,26,9649,0,725588
333924,-19474,31680626,44157,434756,389,1295160,32449306,https://www.mohfw.gov.in/,2021-08-24T02:00:00.000Z,https://github.com/zpelechova/covid-in/blob/master/README.md,Chandigarh,41,-3,64213,3007,812,0,65066
333924,-19474,31680626,44157,434756,389,1295160,32449306,https://www.mohfw.gov.in/,2021-08-24T02:00:00.000Z,https://github.com/zpelechova/covid-in/blob/master/README.md,Chhattisgarh,863,-34,989728,60,13553,1,1004144
333924,-19474,31680626,44157,434756,389,1295160,32449306,https://www.mohfw.gov.in/,2021-08-24T02:00:00.000Z,https://github.com/zpelechova/covid-in/blob/master/README.md,Dadra and Nagar Haveli and Daman and Diu,4,0,10651,0,4,0,10659
333924,-19474,31680626,44157,434756,389,1295160,32449306,https://www.mohfw.gov.in/,2021-08-24T02:00:00.000Z,https://github.com/zpelechova/covid-in/blob/master/README.md,Delhi,398,-32,1411840,56,25079,0,1437317
333924,-19474,31680626,44157,434756,389,1295160,32449306,https://www.mohfw.gov.in/,2021-08-24T02:00:00.000Z,https://github.com/zpelechova/covid-in/blob/master/README.md,Goa,899,-16,169080,91,3185,1,173164
333924,-19474,31680626,44157,434756,389,1295160,32449306,https://www.mohfw.gov.in/,2021-08-24T02:00:00.000Z,https://github.com/zpelechova/covid-in/blob/master/README.md,Gujarat,182,-2,815041,17,10079,0,825302
333924,-19474,31680626,44157,434756,389,1295160,32449306,https://www.mohfw.gov.in/,2021-08-24T02:00:00.000Z,https://github.com/zpelechova/covid-in/blob/master/README.md,Haryana,676,1,760004,14,9667,1,770347
333924,-19474,31680626,44157,434756,389,1295160,32449306,https://www.mohfw.gov.in/,2021-08-24T02:00:00.000Z,https://github.com/zpelechova/covid-in/blob/master/README.md,Himachal Pradesh,2074,-202,206103,310,3569,6,211746
333924,-19474,31680626,44157,434756,389,1295160,32449306,https://www.mohfw.gov.in/,2021-08-24T02:00:00.000Z,https://github.com/zpelechova/covid-in/blob/master/README.md,Jammu and Kashmir,1165,6,318635,100,4402,1,324202
333924,-19474,31680626,44157,434756,389,1295160,32449306,https://www.mohfw.gov.in/,2021-08-24T02:00:00.000Z,https://github.com/zpelechova/covid-in/blob/master/README.md,Jharkhand,177,-36,342421,41,5132,0,347730
333924,-19474,31680626,44157,434756,389,1295160,32449306,https://www.mohfw.gov.in/,2021-08-24T02:00:00.000Z,https://github.com/zpelechova/covid-in/blob/master/README.md,Karnataka,20582,-289,2880889,1456,37145,22,2938616
333924,-19474,31680626,44157,434756,389,1295160,32449306,https://www.mohfw.gov.in/,2021-08-24T02:00:00.000Z,https://github.com/zpelechova/covid-in/blob/master/README.md,Kerala,163745,-15250,3631066,25586,19494,66,3814305
333924,-19474,31680626,44157,434756,389,1295160,32449306,https://www.mohfw.gov.in/,2021-08-24T02:00:00.000Z,https://github.com/zpelechova/covid-in/blob/master/README.md,Ladakh,61,-7,20223,7,207,0,20491
333924,-19474,31680626,44157,434756,389,1295160,32449306,https://www.mohfw.gov.in/,2021-08-24T02:00:00.000Z,https://github.com/zpelechova/covid-in/blob/master/README.md,Lakshadweep,23,-3,10235,4,51,0,10309
333924,-19474,31680626,44157,434756,389,1295160,32449306,https://www.mohfw.gov.in/,2021-08-24T02:00:00.000Z,https://github.com/zpelechova/covid-in/blob/master/README.md,Madhya Pradesh,86,-2,781499,6,10516,1,792101
333924,-19474,31680626,44157,434756,389,1295160,32449306,https://www.mohfw.gov.in/,2021-08-24T02:00:00.000Z,https://github.com/zpelechova/covid-in/blob/master/README.md,Maharashtra,56690,-784,6231999,4780,135962,145,6424651
333924,-19474,31680626,44157,434756,389,1295160,32449306,https://www.mohfw.gov.in/,2021-08-24T02:00:00.000Z,https://github.com/zpelechova/covid-in/blob/master/README.md,Manipur,3994,-145,105197,426,1751,4,110942
333924,-19474,31680626,44157,434756,389,1295160,32449306,https://www.mohfw.gov.in/,2021-08-24T02:00:00.000Z,https://github.com/zpelechova/covid-in/blob/master/README.md,Meghalaya,3062,-74,69425,382,1278,9,73765
333924,-19474,31680626,44157,434756,389,1295160,32449306,https://www.mohfw.gov.in/,2021-08-24T02:00:00.000Z,https://github.com/zpelechova/covid-in/blob/master/README.md,Mizoram,5982,-586,46290,872,200,6,52472
333924,-19474,31680626,44157,434756,389,1295160,32449306,https://www.mohfw.gov.in/,2021-08-24T02:00:00.000Z,https://github.com/zpelechova/covid-in/blob/master/README.md,Nagaland,975,-19,28004,53,610,1,29589
333924,-19474,31680626,44157,434756,389,1295160,32449306,https://www.mohfw.gov.in/,2021-08-24T02:00:00.000Z,https://github.com/zpelechova/covid-in/blob/master/README.md,Odisha,8277,-294,985302,1078,7358,69,1000937
333924,-19474,31680626,44157,434756,389,1295160,32449306,https://www.mohfw.gov.in/,2021-08-24T02:00:00.000Z,https://github.com/zpelechova/covid-in/blob/master/README.md,Puducherry,847,-61,120237,121,1808,0,122892
333924,-19474,31680626,44157,434756,389,1295160,32449306,https://www.mohfw.gov.in/,2021-08-24T02:00:00.000Z,https://github.com/zpelechova/covid-in/blob/master/README.md,Punjab,488,-5,583426,46,16352,0,600266
333924,-19474,31680626,44157,434756,389,1295160,32449306,https://www.mohfw.gov.in/,2021-08-24T02:00:00.000Z,https://github.com/zpelechova/covid-in/blob/master/README.md,Rajasthan,152,-15,944917,20,8954,0,954023
333924,-19474,31680626,44157,434756,389,1295160,32449306,https://www.mohfw.gov.in/,2021-08-24T02:00:00.000Z,https://github.com/zpelechova/covid-in/blob/master/README.md,Sikkim,1583,-47,27366,116,365,1,29314
333924,-19474,31680626,44157,434756,389,1295160,32449306,https://www.mohfw.gov.in/,2021-08-24T02:00:00.000Z,https://github.com/zpelechova/covid-in/blob/master/README.md,Tamil Nadu,19171,-220,2547005,1827,34709,23,2600885
333924,-19474,31680626,44157,434756,389,1295160,32449306,https://www.mohfw.gov.in/,2021-08-24T02:00:00.000Z,https://github.com/zpelechova/covid-in/blob/master/README.md,Telangana,6384,-224,644747,453,3858,2,654989
333924,-19474,31680626,44157,434756,389,1295160,32449306,https://www.mohfw.gov.in/,2021-08-24T02:00:00.000Z,https://github.com/zpelechova/covid-in/blob/master/README.md,Tripura,1095,-154,80213,197,787,2,82095
333924,-19474,31680626,44157,434756,389,1295160,32449306,https://www.mohfw.gov.in/,2021-08-24T02:00:00.000Z,https://github.com/zpelechova/covid-in/blob/master/README.md,Uttarakhand,317,-4,335055,16,7377,0,342749
333924,-19474,31680626,44157,434756,389,1295160,32449306,https://www.mohfw.gov.in/,2021-08-24T02:00:00.000Z,https://github.com/zpelechova/covid-in/blob/master/README.md,Uttar Pradesh,373,-34,1685954,53,22792,0,1709119
333924,-19474,31680626,44157,434756,389,1295160,32449306,https://www.mohfw.gov.in/,2021-08-24T02:00:00.000Z,https://github.com/zpelechova/covid-in/blob/master/README.md,West Bengal,9461,-133,1515161,686,18364,8,1542986
322327,2776,31754281,34169,435758,648,1792755,32512366,https://www.mohfw.gov.in/,2021-08-25T06:00:00.000Z,https://github.com/zpelechova/covid-in/blob/master/README.md,Andaman and Nicobar Islands,10,0,7421,1,129,0,7560
322327,2776,31754281,34169,435758,648,1792755,32512366,https://www.mohfw.gov.in/,2021-08-25T06:00:00.000Z,https://github.com/zpelechova/covid-in/blob/master/README.md,Andhra Pradesh,13677,-482,1977163,1715,13750,15,2004590
322327,2776,31754281,34169,435758,648,1792755,32512366,https://www.mohfw.gov.in/,2021-08-25T06:00:00.000Z,https://github.com/zpelechova/covid-in/blob/master/README.md,Arunachal Pradesh,1127,-35,51023,136,259,0,52409
322327,2776,31754281,34169,435758,648,1792755,32512366,https://www.mohfw.gov.in/,2021-08-25T06:00:00.000Z,https://github.com/zpelechova/covid-in/blob/master/README.md,Assam,8005,10,572084,532,5600,13,585689
322327,2776,31754281,34169,435758,648,1792755,32512366,https://www.mohfw.gov.in/,2021-08-25T06:00:00.000Z,https://github.com/zpelechova/covid-in/blob/master/README.md,Bihar,102,-10,715853,19,9650,0,725605
322327,2776,31754281,34169,435758,648,1792755,32512366,https://www.mohfw.gov.in/,2021-08-25T06:00:00.000Z,https://github.com/zpelechova/covid-in/blob/master/README.md,Chandigarh,35,-1,64222,2,812,0,65069
322327,2776,31754281,34169,435758,648,1792755,32512366,https://www.mohfw.gov.in/,2021-08-25T06:00:00.000Z,https://github.com/zpelechova/covid-in/blob/master/README.md,Chhattisgarh,653,-56,990022,102,13555,1,1004230
322327,2776,31754281,34169,435758,648,1792755,32512366,https://www.mohfw.gov.in/,2021-08-25T06:00:00.000Z,https://github.com/zpelechova/covid-in/blob/master/README.md,Dadra and Nagar Haveli and Daman and Diu,4,0,10651,0,4,0,10659
322327,2776,31754281,34169,435758,648,1792755,32512366,https://www.mohfw.gov.in/,2021-08-25T06:00:00.000Z,https://github.com/zpelechova/covid-in/blob/master/README.md,Delhi,411,37,1411995,114,25079,0,1437485
322327,2776,31754281,34169,435758,648,1792755,32512366,https://www.mohfw.gov.in/,2021-08-25T06:00:00.000Z,https://github.com/zpelechova/covid-in/blob/master/README.md,Goa,932,57,169239,79,3186,0,173357
322327,2776,31754281,34169,435758,648,1792755,32512366,https://www.mohfw.gov.in/,2021-08-25T06:00:00.000Z,https://github.com/zpelechova/covid-in/blob/master/README.md,Gujarat,160,-11,815091,25,10079,0,825330
322327,2776,31754281,34169,435758,648,1792755,32512366,https://www.mohfw.gov.in/,2021-08-25T06:00:00.000Z,https://github.com/zpelechova/covid-in/blob/master/README.md,Haryana,664,-4,760047,21,9669,1,770380
322327,2776,31754281,34169,435758,648,1792755,32512366,https://www.mohfw.gov.in/,2021-08-25T06:00:00.000Z,https://github.com/zpelechova/covid-in/blob/master/README.md,Himachal Pradesh,2054,24,206628,253,3578,4,212260
322327,2776,31754281,34169,435758,648,1792755,32512366,https://www.mohfw.gov.in/,2021-08-25T06:00:00.000Z,https://github.com/zpelechova/covid-in/blob/master/README.md,Jammu and Kashmir,1055,1,318961,123,4404,1,324420
322327,2776,31754281,34169,435758,648,1792755,32512366,https://www.mohfw.gov.in/,2021-08-25T06:00:00.000Z,https://github.com/zpelechova/covid-in/blob/master/README.md,Jharkhand,153,-12,342470,19,5132,0,347755
322327,2776,31754281,34169,435758,648,1792755,32512366,https://www.mohfw.gov.in/,2021-08-25T06:00:00.000Z,https://github.com/zpelechova/covid-in/blob/master/README.md,Karnataka,19810,-471,2884032,1701,37184,29,2941026
322327,2776,31754281,34169,435758,648,1792755,32512366,https://www.mohfw.gov.in/,2021-08-25T06:00:00.000Z,https://github.com/zpelechova/covid-in/blob/master/README.md,Kerala,159870,4774,3672357,19349,19757,173,3851984
322327,2776,31754281,34169,435758,648,1792755,32512366,https://www.mohfw.gov.in/,2021-08-25T06:00:00.000Z,https://github.com/zpelechova/covid-in/blob/master/README.md,Ladakh,55,-8,20238,9,207,0,20500
322327,2776,31754281,34169,435758,648,1792755,32512366,https://www.mohfw.gov.in/,2021-08-25T06:00:00.000Z,https://github.com/zpelechova/covid-in/blob/master/README.md,Lakshadweep,28,0,10239,1,51,0,10318
322327,2776,31754281,34169,435758,648,1792755,32512366,https://www.mohfw.gov.in/,2021-08-25T06:00:00.000Z,https://github.com/zpelechova/covid-in/blob/master/README.md,Madhya Pradesh,84,0,781509,5,10516,0,792109
322327,2776,31754281,34169,435758,648,1792755,32512366,https://www.mohfw.gov.in/,2021-08-25T06:00:00.000Z,https://github.com/zpelechova/covid-in/blob/master/README.md,Maharashtra,53260,-173,6243034,4240,136355,288,6432649
322327,2776,31754281,34169,435758,648,1792755,32512366,https://www.mohfw.gov.in/,2021-08-25T06:00:00.000Z,https://github.com/zpelechova/covid-in/blob/master/README.md,Manipur,3610,-96,106229,478,1759,4,111598
322327,2776,31754281,34169,435758,648,1792755,32512366,https://www.mohfw.gov.in/,2021-08-25T06:00:00.000Z,https://github.com/zpelechova/covid-in/blob/master/README.md,Meghalaya,2820,-110,70127,268,1285,4,74232
322327,2776,31754281,34169,435758,648,1792755,32512366,https://www.mohfw.gov.in/,2021-08-25T06:00:00.000Z,https://github.com/zpelechova/covid-in/blob/master/README.md,Mizoram,6664,336,47192,403,201,1,54057
322327,2776,31754281,34169,435758,648,1792755,32512366,https://www.mohfw.gov.in/,2021-08-25T06:00:00.000Z,https://github.com/zpelechova/covid-in/blob/master/README.md,Nagaland,888,-28,28170,74,611,1,29669
322327,2776,31754281,34169,435758,648,1792755,32512366,https://www.mohfw.gov.in/,2021-08-25T06:00:00.000Z,https://github.com/zpelechova/covid-in/blob/master/README.md,Odisha,7461,-477,987369,1035,7493,67,1002323
322327,2776,31754281,34169,435758,648,1792755,32512366,https://www.mohfw.gov.in/,2021-08-25T06:00:00.000Z,https://github.com/zpelechova/covid-in/blob/master/README.md,Puducherry,765,-31,120433,103,1809,1,123007
322327,2776,31754281,34169,435758,648,1792755,32512366,https://www.mohfw.gov.in/,2021-08-25T06:00:00.000Z,https://github.com/zpelechova/covid-in/blob/master/README.md,Punjab,423,2,583564,46,16355,2,600342
322327,2776,31754281,34169,435758,648,1792755,32512366,https://www.mohfw.gov.in/,2021-08-25T06:00:00.000Z,https://github.com/zpelechova/covid-in/blob/master/README.md,Rajasthan,128,-31,944958,41,8954,0,954040
322327,2776,31754281,34169,435758,648,1792755,32512366,https://www.mohfw.gov.in/,2021-08-25T06:00:00.000Z,https://github.com/zpelechova/covid-in/blob/master/README.md,Sikkim,1548,41,27562,96,367,0,29477
322327,2776,31754281,34169,435758,648,1792755,32512366,https://www.mohfw.gov.in/,2021-08-25T06:00:00.000Z,https://github.com/zpelechova/covid-in/blob/master/README.md,Tamil Nadu,18603,-284,2550710,1842,34761,27,2604074
322327,2776,31754281,34169,435758,648,1792755,32512366,https://www.mohfw.gov.in/,2021-08-25T06:00:00.000Z,https://github.com/zpelechova/covid-in/blob/master/README.md,Telangana,6276,-32,645594,420,3862,1,655732
322327,2776,31754281,34169,435758,648,1792755,32512366,https://www.mohfw.gov.in/,2021-08-25T06:00:00.000Z,https://github.com/zpelechova/covid-in/blob/master/README.md,Tripura,1113,-22,80480,145,791,1,82384
322327,2776,31754281,34169,435758,648,1792755,32512366,https://www.mohfw.gov.in/,2021-08-25T06:00:00.000Z,https://github.com/zpelechova/covid-in/blob/master/README.md,Uttarakhand,310,-3,335099,18,7377,0,342786
322327,2776,31754281,34169,435758,648,1792755,32512366,https://www.mohfw.gov.in/,2021-08-25T06:00:00.000Z,https://github.com/zpelechova/covid-in/blob/master/README.md,Uttar Pradesh,352,-10,1686006,34,22794,2,1709152
322327,2776,31754281,34169,435758,648,1792755,32512366,https://www.mohfw.gov.in/,2021-08-25T06:00:00.000Z,https://github.com/zpelechova/covid-in/blob/master/README.md,West Bengal,9217,-119,1516509,720,18383,12,1544109
333725,11398,31788440,34159,436365,607,1787283,32558530,https://www.mohfw.gov.in/,2021-08-26T04:00:00.000Z,https://github.com/zpelechova/covid-in/blob/master/README.md,Andaman and Nicobar Islands,7,-3,7424,3,129,0,7560
333725,11398,31788440,34159,436365,607,1787283,32558530,https://www.mohfw.gov.in/,2021-08-26T04:00:00.000Z,https://github.com/zpelechova/covid-in/blob/master/README.md,Andhra Pradesh,14061,384,1978364,1201,13766,16,2006191
333725,11398,31788440,34159,436365,607,1787283,32558530,https://www.mohfw.gov.in/,2021-08-26T04:00:00.000Z,https://github.com/zpelechova/covid-in/blob/master/README.md,Arunachal Pradesh,1162,35,51104,81,259,0,52525
333725,11398,31788440,34159,436365,607,1787283,32558530,https://www.mohfw.gov.in/,2021-08-26T04:00:00.000Z,https://github.com/zpelechova/covid-in/blob/master/README.md,Assam,8006,1,572765,681,5607,7,586378
333725,11398,31788440,34159,436365,607,1787283,32558530,https://www.mohfw.gov.in/,2021-08-26T04:00:00.000Z,https://github.com/zpelechova/covid-in/blob/master/README.md,Bihar,105,3,715881,28,9650,0,725636
333725,11398,31788440,34159,436365,607,1787283,32558530,https://www.mohfw.gov.in/,2021-08-26T04:00:00.000Z,https://github.com/zpelechova/covid-in/blob/master/README.md,Chandigarh,36,1,64223,1,812,0,65071
333725,11398,31788440,34159,436365,607,1787283,32558530,https://www.mohfw.gov.in/,2021-08-26T04:00:00.000Z,https://github.com/zpelechova/covid-in/blob/master/README.md,Chhattisgarh,627,-26,990100,78,13555,0,1004282
333725,11398,31788440,34159,436365,607,1787283,32558530,https://www.mohfw.gov.in/,2021-08-26T04:00:00.000Z,https://github.com/zpelechova/covid-in/blob/master/README.md,Dadra and Nagar Haveli and Daman and Diu,4,0,10652,1,4,0,10660
333725,11398,31788440,34159,436365,607,1787283,32558530,https://www.mohfw.gov.in/,2021-08-26T04:00:00.000Z,https://github.com/zpelechova/covid-in/blob/master/README.md,Delhi,389,-22,1412081,86,25080,1,1437550
333725,11398,31788440,34159,436365,607,1787283,32558530,https://www.mohfw.gov.in/,2021-08-26T04:00:00.000Z,https://github.com/zpelechova/covid-in/blob/master/README.md,Goa,933,1,169314,75,3187,1,173434
333725,11398,31788440,34159,436365,607,1787283,32558530,https://www.mohfw.gov.in/,2021-08-26T04:00:00.000Z,https://github.com/zpelechova/covid-in/blob/master/README.md,Gujarat,159,-1,815108,17,10080,1,825347
333725,11398,31788440,34159,436365,607,1787283,32558530,https://www.mohfw.gov.in/,2021-08-26T04:00:00.000Z,https://github.com/zpelechova/covid-in/blob/master/README.md,Haryana,660,-4,760065,18,9670,1,770395
333725,11398,31788440,34159,436365,607,1787283,32558530,https://www.mohfw.gov.in/,2021-08-26T04:00:00.000Z,https://github.com/zpelechova/covid-in/blob/master/README.md,Himachal Pradesh,2058,4,206821,193,3579,1,212458
333725,11398,31788440,34159,436365,607,1787283,32558530,https://www.mohfw.gov.in/,2021-08-26T04:00:00.000Z,https://github.com/zpelechova/covid-in/blob/master/README.md,Jammu and Kashmir,1078,23,319064,103,4404,0,324546
333725,11398,31788440,34159,436365,607,1787283,32558530,https://www.mohfw.gov.in/,2021-08-26T04:00:00.000Z,https://github.com/zpelechova/covid-in/blob/master/README.md,Jharkhand,140,-13,342491,21,5132,0,347763
333725,11398,31788440,34159,436365,607,1787283,32558530,https://www.mohfw.gov.in/,2021-08-26T04:00:00.000Z,https://github.com/zpelechova/covid-in/blob/master/README.md,Karnataka,19344,-466,2885700,1668,37206,22,2942250
333725,11398,31788440,34159,436365,607,1787283,32558530,https://www.mohfw.gov.in/,2021-08-26T04:00:00.000Z,https://github.com/zpelechova/covid-in/blob/master/README.md,Kerala,170829,10959,3692628,20271,19972,215,3883429
333725,11398,31788440,34159,436365,607,1787283,32558530,https://www.mohfw.gov.in/,2021-08-26T04:00:00.000Z,https://github.com/zpelechova/covid-in/blob/master/README.md,Ladakh,64,9,20244,6,207,0,20515
333725,11398,31788440,34159,436365,607,1787283,32558530,https://www.mohfw.gov.in/,2021-08-26T04:00:00.000Z,https://github.com/zpelechova/covid-in/blob/master/README.md,Lakshadweep,33,5,10243,4,51,0,10327
333725,11398,31788440,34159,436365,607,1787283,32558530,https://www.mohfw.gov.in/,2021-08-26T04:00:00.000Z,https://github.com/zpelechova/covid-in/blob/master/README.md,Madhya Pradesh,79,-5,781519,10,10516,0,792114
333725,11398,31788440,34159,436365,607,1787283,32558530,https://www.mohfw.gov.in/,2021-08-26T04:00:00.000Z,https://github.com/zpelechova/covid-in/blob/master/README.md,Maharashtra,53695,435,6247414,4380,136571,216,6437680
333725,11398,31788440,34159,436365,607,1787283,32558530,https://www.mohfw.gov.in/,2021-08-26T04:00:00.000Z,https://github.com/zpelechova/covid-in/blob/master/README.md,Manipur,3572,-38,106640,411,1763,4,111975
333725,11398,31788440,34159,436365,607,1787283,32558530,https://www.mohfw.gov.in/,2021-08-26T04:00:00.000Z,https://github.com/zpelechova/covid-in/blob/master/README.md,Meghalaya,2815,-5,70479,352,1292,7,74586
333725,11398,31788440,34159,436365,607,1787283,32558530,https://www.mohfw.gov.in/,2021-08-26T04:00:00.000Z,https://github.com/zpelechova/covid-in/blob/master/README.md,Mizoram,7082,418,47567,375,202,1,54851
333725,11398,31788440,34159,436365,607,1787283,32558530,https://www.mohfw.gov.in/,2021-08-26T04:00:00.000Z,https://github.com/zpelechova/covid-in/blob/master/README.md,Nagaland,871,-17,28235,65,612,1,29718
333725,11398,31788440,34159,436365,607,1787283,32558530,https://www.mohfw.gov.in/,2021-08-26T04:00:00.000Z,https://github.com/zpelechova/covid-in/blob/master/README.md,Odisha,7558,97,988090,721,7562,69,1003210
333725,11398,31788440,34159,436365,607,1787283,32558530,https://www.mohfw.gov.in/,2021-08-26T04:00:00.000Z,https://github.com/zpelechova/covid-in/blob/master/README.md,Puducherry,760,-5,120509,76,1809,0,123078
333725,11398,31788440,34159,436365,607,1787283,32558530,https://www.mohfw.gov.in/,2021-08-26T04:00:00.000Z,https://github.com/zpelechova/covid-in/blob/master/README.md,Punjab,401,-22,583619,55,16358,3,600378
333725,11398,31788440,34159,436365,607,1787283,32558530,https://www.mohfw.gov.in/,2021-08-26T04:00:00.000Z,https://github.com/zpelechova/covid-in/blob/master/README.md,Rajasthan,121,-7,944973,15,8954,0,954048
333725,11398,31788440,34159,436365,607,1787283,32558530,https://www.mohfw.gov.in/,2021-08-26T04:00:00.000Z,https://github.com/zpelechova/covid-in/blob/master/README.md,Sikkim,1415,-133,27742,180,367,0,29524
333725,11398,31788440,34159,436365,607,1787283,32558530,https://www.mohfw.gov.in/,2021-08-26T04:00:00.000Z,https://github.com/zpelechova/covid-in/blob/master/README.md,Tamil Nadu,18352,-251,2552507,1797,34788,27,2605647
333725,11398,31788440,34159,436365,607,1787283,32558530,https://www.mohfw.gov.in/,2021-08-26T04:00:00.000Z,https://github.com/zpelechova/covid-in/blob/master/README.md,Telangana,6295,19,645939,345,3864,2,656098
333725,11398,31788440,34159,436365,607,1787283,32558530,https://www.mohfw.gov.in/,2021-08-26T04:00:00.000Z,https://github.com/zpelechova/covid-in/blob/master/README.md,Tripura,1164,51,80541,61,793,2,82498
333725,11398,31788440,34159,436365,607,1787283,32558530,https://www.mohfw.gov.in/,2021-08-26T04:00:00.000Z,https://github.com/zpelechova/covid-in/blob/master/README.md,Uttarakhand,320,10,335121,22,7377,0,342818
333725,11398,31788440,34159,436365,607,1787283,32558530,https://www.mohfw.gov.in/,2021-08-26T04:00:00.000Z,https://github.com/zpelechova/covid-in/blob/master/README.md,Uttar Pradesh,345,-7,1686034,28,22794,0,1709173
333725,11398,31788440,34159,436365,607,1787283,32558530,https://www.mohfw.gov.in/,2021-08-26T04:00:00.000Z,https://github.com/zpelechova/covid-in/blob/master/README.md,West Bengal,9185,-32,1517239,730,18393,10,1544817
333725,11398,31788440,34159,436365,607,1787283,32558530,https://www.mohfw.gov.in/,2021-08-27T02:00:00.000Z,https://github.com/zpelechova/covid-in/blob/master/README.md,Andaman and Nicobar Islands,7,-3,7424,3,129,0,7560
333725,11398,31788440,34159,436365,607,1787283,32558530,https://www.mohfw.gov.in/,2021-08-27T02:00:00.000Z,https://github.com/zpelechova/covid-in/blob/master/README.md,Andhra Pradesh,14061,384,1978364,1201,13766,16,2006191
333725,11398,31788440,34159,436365,607,1787283,32558530,https://www.mohfw.gov.in/,2021-08-27T02:00:00.000Z,https://github.com/zpelechova/covid-in/blob/master/README.md,Arunachal Pradesh,1162,35,51104,81,259,0,52525
333725,11398,31788440,34159,436365,607,1787283,32558530,https://www.mohfw.gov.in/,2021-08-27T02:00:00.000Z,https://github.com/zpelechova/covid-in/blob/master/README.md,Assam,8006,1,572765,681,5607,7,586378
333725,11398,31788440,34159,436365,607,1787283,32558530,https://www.mohfw.gov.in/,2021-08-27T02:00:00.000Z,https://github.com/zpelechova/covid-in/blob/master/README.md,Bihar,105,3,715881,28,9650,0,725636
333725,11398,31788440,34159,436365,607,1787283,32558530,https://www.mohfw.gov.in/,2021-08-27T02:00:00.000Z,https://github.com/zpelechova/covid-in/blob/master/README.md,Chandigarh,36,1,64223,1,812,0,65071
333725,11398,31788440,34159,436365,607,1787283,32558530,https://www.mohfw.gov.in/,2021-08-27T02:00:00.000Z,https://github.com/zpelechova/covid-in/blob/master/README.md,Chhattisgarh,627,-26,990100,78,13555,0,1004282
333725,11398,31788440,34159,436365,607,1787283,32558530,https://www.mohfw.gov.in/,2021-08-27T02:00:00.000Z,https://github.com/zpelechova/covid-in/blob/master/README.md,Dadra and Nagar Haveli and Daman and Diu,4,0,10652,1,4,0,10660
333725,11398,31788440,34159,436365,607,1787283,32558530,https://www.mohfw.gov.in/,2021-08-27T02:00:00.000Z,https://github.com/zpelechova/covid-in/blob/master/README.md,Delhi,389,-22,1412081,86,25080,1,1437550
333725,11398,31788440,34159,436365,607,1787283,32558530,https://www.mohfw.gov.in/,2021-08-27T02:00:00.000Z,https://github.com/zpelechova/covid-in/blob/master/README.md,Goa,933,1,169314,75,3187,1,173434
333725,11398,31788440,34159,436365,607,1787283,32558530,https://www.mohfw.gov.in/,2021-08-27T02:00:00.000Z,https://github.com/zpelechova/covid-in/blob/master/README.md,Gujarat,159,-1,815108,17,10080,1,825347
333725,11398,31788440,34159,436365,607,1787283,32558530,https://www.mohfw.gov.in/,2021-08-27T02:00:00.000Z,https://github.com/zpelechova/covid-in/blob/master/README.md,Haryana,660,-4,760065,18,9670,1,770395
333725,11398,31788440,34159,436365,607,1787283,32558530,https://www.mohfw.gov.in/,2021-08-27T02:00:00.000Z,https://github.com/zpelechova/covid-in/blob/master/README.md,Himachal Pradesh,2058,4,206821,193,3579,1,212458
333725,11398,31788440,34159,436365,607,1787283,32558530,https://www.mohfw.gov.in/,2021-08-27T02:00:00.000Z,https://github.com/zpelechova/covid-in/blob/master/README.md,Jammu and Kashmir,1078,23,319064,103,4404,0,324546
333725,11398,31788440,34159,436365,607,1787283,32558530,https://www.mohfw.gov.in/,2021-08-27T02:00:00.000Z,https://github.com/zpelechova/covid-in/blob/master/README.md,Jharkhand,140,-13,342491,21,5132,0,347763
333725,11398,31788440,34159,436365,607,1787283,32558530,https://www.mohfw.gov.in/,2021-08-27T02:00:00.000Z,https://github.com/zpelechova/covid-in/blob/master/README.md,Karnataka,19344,-466,2885700,1668,37206,22,2942250
333725,11398,31788440,34159,436365,607,1787283,32558530,https://www.mohfw.gov.in/,2021-08-27T02:00:00.000Z,https://github.com/zpelechova/covid-in/blob/master/README.md,Kerala,170829,10959,3692628,20271,19972,215,3883429
333725,11398,31788440,34159,436365,607,1787283,32558530,https://www.mohfw.gov.in/,2021-08-27T02:00:00.000Z,https://github.com/zpelechova/covid-in/blob/master/README.md,Ladakh,64,9,20244,6,207,0,20515
333725,11398,31788440,34159,436365,607,1787283,32558530,https://www.mohfw.gov.in/,2021-08-27T02:00:00.000Z,https://github.com/zpelechova/covid-in/blob/master/README.md,Lakshadweep,33,5,10243,4,51,0,10327
333725,11398,31788440,34159,436365,607,1787283,32558530,https://www.mohfw.gov.in/,2021-08-27T02:00:00.000Z,https://github.com/zpelechova/covid-in/blob/master/README.md,Madhya Pradesh,79,-5,781519,10,10516,0,792114
333725,11398,31788440,34159,436365,607,1787283,32558530,https://www.mohfw.gov.in/,2021-08-27T02:00:00.000Z,https://github.com/zpelechova/covid-in/blob/master/README.md,Maharashtra,53695,435,6247414,4380,136571,216,6437680
333725,11398,31788440,34159,436365,607,1787283,32558530,https://www.mohfw.gov.in/,2021-08-27T02:00:00.000Z,https://github.com/zpelechova/covid-in/blob/master/README.md,Manipur,3572,-38,106640,411,1763,4,111975
333725,11398,31788440,34159,436365,607,1787283,32558530,https://www.mohfw.gov.in/,2021-08-27T02:00:00.000Z,https://github.com/zpelechova/covid-in/blob/master/README.md,Meghalaya,2815,-5,70479,352,1292,7,74586
333725,11398,31788440,34159,436365,607,1787283,32558530,https://www.mohfw.gov.in/,2021-08-27T02:00:00.000Z,https://github.com/zpelechova/covid-in/blob/master/README.md,Mizoram,7082,418,47567,375,202,1,54851
333725,11398,31788440,34159,436365,607,1787283,32558530,https://www.mohfw.gov.in/,2021-08-27T02:00:00.000Z,https://github.com/zpelechova/covid-in/blob/master/README.md,Nagaland,871,-17,28235,65,612,1,29718
333725,11398,31788440,34159,436365,607,1787283,32558530,https://www.mohfw.gov.in/,2021-08-27T02:00:00.000Z,https://github.com/zpelechova/covid-in/blob/master/README.md,Odisha,7558,97,988090,721,7562,69,1003210
333725,11398,31788440,34159,436365,607,1787283,32558530,https://www.mohfw.gov.in/,2021-08-27T02:00:00.000Z,https://github.com/zpelechova/covid-in/blob/master/README.md,Puducherry,760,-5,120509,76,1809,0,123078
333725,11398,31788440,34159,436365,607,1787283,32558530,https://www.mohfw.gov.in/,2021-08-27T02:00:00.000Z,https://github.com/zpelechova/covid-in/blob/master/README.md,Punjab,401,-22,583619,55,16358,3,600378
333725,11398,31788440,34159,436365,607,1787283,32558530,https://www.mohfw.gov.in/,2021-08-27T02:00:00.000Z,https://github.com/zpelechova/covid-in/blob/master/README.md,Rajasthan,121,-7,944973,15,8954,0,954048
333725,11398,31788440,34159,436365,607,1787283,32558530,https://www.mohfw.gov.in/,2021-08-27T02:00:00.000Z,https://github.com/zpelechova/covid-in/blob/master/README.md,Sikkim,1415,-133,27742,180,367,0,29524
333725,11398,31788440,34159,436365,607,1787283,32558530,https://www.mohfw.gov.in/,2021-08-27T02:00:00.000Z,https://github.com/zpelechova/covid-in/blob/master/README.md,Tamil Nadu,18352,-251,2552507,1797,34788,27,2605647
333725,11398,31788440,34159,436365,607,1787283,32558530,https://www.mohfw.gov.in/,2021-08-27T02:00:00.000Z,https://github.com/zpelechova/covid-in/blob/master/README.md,Telangana,6295,19,645939,345,3864,2,656098
333725,11398,31788440,34159,436365,607,1787283,32558530,https://www.mohfw.gov.in/,2021-08-27T02:00:00.000Z,https://github.com/zpelechova/covid-in/blob/master/README.md,Tripura,1164,51,80541,61,793,2,82498
333725,11398,31788440,34159,436365,607,1787283,32558530,https://www.mohfw.gov.in/,2021-08-27T02:00:00.000Z,https://github.com/zpelechova/covid-in/blob/master/README.md,Uttarakhand,320,10,335121,22,7377,0,342818
333725,11398,31788440,34159,436365,607,1787283,32558530,https://www.mohfw.gov.in/,2021-08-27T02:00:00.000Z,https://github.com/zpelechova/covid-in/blob/master/README.md,Uttar Pradesh,345,-7,1686034,28,22794,0,1709173
333725,11398,31788440,34159,436365,607,1787283,32558530,https://www.mohfw.gov.in/,2021-08-27T02:00:00.000Z,https://github.com/zpelechova/covid-in/blob/master/README.md,West Bengal,9185,-32,1517239,730,18393,10,1544817
359775,14876,31852802,31374,437370,509,1761110,32649947,https://www.mohfw.gov.in/,2021-08-28T06:00:00.000Z,https://github.com/zpelechova/covid-in/blob/master/README.md,Andaman and Nicobar Islands,3,-1,7428,1,129,0,7560
359775,14876,31852802,31374,437370,509,1761110,32649947,https://www.mohfw.gov.in/,2021-08-28T06:00:00.000Z,https://github.com/zpelechova/covid-in/blob/master/README.md,Andhra Pradesh,15050,602,1980407,903,13788,10,2009245
359775,14876,31852802,31374,437370,509,1761110,32649947,https://www.mohfw.gov.in/,2021-08-28T06:00:00.000Z,https://github.com/zpelechova/covid-in/blob/master/README.md,Arunachal Pradesh,1112,-38,51388,164,260,0,52760
359775,14876,31852802,31374,437370,509,1761110,32649947,https://www.mohfw.gov.in/,2021-08-28T06:00:00.000Z,https://github.com/zpelechova/covid-in/blob/master/README.md,Assam,7532,-249,574280,739,5627,9,587439
359775,14876,31852802,31374,437370,509,1761110,32649947,https://www.mohfw.gov.in/,2021-08-28T06:00:00.000Z,https://github.com/zpelechova/covid-in/blob/master/README.md,Bihar,115,8,715905,11,9652,2,725672
359775,14876,31852802,31374,437370,509,1761110,32649947,https://www.mohfw.gov.in/,2021-08-28T06:00:00.000Z,https://github.com/zpelechova/covid-in/blob/master/README.md,Chandigarh,42,3,64230,4,812,0,65084
359775,14876,31852802,31374,437370,509,1761110,32649947,https://www.mohfw.gov.in/,2021-08-28T06:00:00.000Z,https://github.com/zpelechova/covid-in/blob/master/README.md,Chhattisgarh,545,-50,990260,81,13555,0,1004360
359775,14876,31852802,31374,437370,509,1761110,32649947,https://www.mohfw.gov.in/,2021-08-28T06:00:00.000Z,https://github.com/zpelechova/covid-in/blob/master/README.md,Dadra and Nagar Haveli and Daman and Diu,6,0,10653,0,4,0,10663
359775,14876,31852802,31374,437370,509,1761110,32649947,https://www.mohfw.gov.in/,2021-08-28T06:00:00.000Z,https://github.com/zpelechova/covid-in/blob/master/README.md,Delhi,412,-1,1412164,62,25080,0,1437656
359775,14876,31852802,31374,437370,509,1761110,32649947,https://www.mohfw.gov.in/,2021-08-28T06:00:00.000Z,https://github.com/zpelechova/covid-in/blob/master/README.md,Goa,935,-15,169480,95,3191,0,173606
359775,14876,31852802,31374,437370,509,1761110,32649947,https://www.mohfw.gov.in/,2021-08-28T06:00:00.000Z,https://github.com/zpelechova/covid-in/blob/master/README.md,Gujarat,155,-2,815140,14,10081,1,825376
359775,14876,31852802,31374,437370,509,1761110,32649947,https://www.mohfw.gov.in/,2021-08-28T06:00:00.000Z,https://github.com/zpelechova/covid-in/blob/master/README.md,Haryana,664,4,760096,16,9672,1,770432
359775,14876,31852802,31374,437370,509,1761110,32649947,https://www.mohfw.gov.in/,2021-08-28T06:00:00.000Z,https://github.com/zpelechova/covid-in/blob/master/README.md,Himachal Pradesh,1965,-112,207363,295,3585,3,212913
359775,14876,31852802,31374,437370,509,1761110,32649947,https://www.mohfw.gov.in/,2021-08-28T06:00:00.000Z,https://github.com/zpelechova/covid-in/blob/master/README.md,Jammu and Kashmir,1149,89,319259,76,4405,1,324813
359775,14876,31852802,31374,437370,509,1761110,32649947,https://www.mohfw.gov.in/,2021-08-28T06:00:00.000Z,https://github.com/zpelechova/covid-in/blob/master/README.md,Jharkhand,146,7,342537,14,5132,0,347815
359775,14876,31852802,31374,437370,509,1761110,32649947,https://www.mohfw.gov.in/,2021-08-28T06:00:00.000Z,https://github.com/zpelechova/covid-in/blob/master/README.md,Karnataka,18996,-330,2888520,1614,37248,17,2944764
359775,14876,31852802,31374,437370,509,1761110,32649947,https://www.mohfw.gov.in/,2021-08-28T06:00:00.000Z,https://github.com/zpelechova/covid-in/blob/master/README.md,Kerala,195796,14049,3730198,18573,20313,179,3946307
359775,14876,31852802,31374,437370,509,1761110,32649947,https://www.mohfw.gov.in/,2021-08-28T06:00:00.000Z,https://github.com/zpelechova/covid-in/blob/master/README.md,Ladakh,64,-2,20259,10,207,0,20530
359775,14876,31852802,31374,437370,509,1761110,32649947,https://www.mohfw.gov.in/,2021-08-28T06:00:00.000Z,https://github.com/zpelechova/covid-in/blob/master/README.md,Lakshadweep,33,1,10250,5,51,0,10334
359775,14876,31852802,31374,437370,509,1761110,32649947,https://www.mohfw.gov.in/,2021-08-28T06:00:00.000Z,https://github.com/zpelechova/covid-in/blob/master/README.md,Madhya Pradesh,82,6,781538,10,10516,0,792136
359775,14876,31852802,31374,437370,509,1761110,32649947,https://www.mohfw.gov.in/,2021-08-28T06:00:00.000Z,https://github.com/zpelechova/covid-in/blob/master/README.md,Maharashtra,55091,1183,6255451,3301,136900,170,6447442
359775,14876,31852802,31374,437370,509,1761110,32649947,https://www.mohfw.gov.in/,2021-08-28T06:00:00.000Z,https://github.com/zpelechova/covid-in/blob/master/README.md,Manipur,3486,-110,107410,418,1770,3,112666
359775,14876,31852802,31374,437370,509,1761110,32649947,https://www.mohfw.gov.in/,2021-08-28T06:00:00.000Z,https://github.com/zpelechova/covid-in/blob/master/README.md,Meghalaya,2663,-19,71120,279,1296,2,75079
359775,14876,31852802,31374,437370,509,1761110,32649947,https://www.mohfw.gov.in/,2021-08-28T06:00:00.000Z,https://github.com/zpelechova/covid-in/blob/master/README.md,Mizoram,8100,630,48336,256,206,0,56642
359775,14876,31852802,31374,437370,509,1761110,32649947,https://www.mohfw.gov.in/,2021-08-28T06:00:00.000Z,https://github.com/zpelechova/covid-in/blob/master/README.md,Nagaland,818,-27,28409,88,614,2,29841
359775,14876,31852802,31374,437370,509,1761110,32649947,https://www.mohfw.gov.in/,2021-08-28T06:00:00.000Z,https://github.com/zpelechova/covid-in/blob/master/README.md,Odisha,7338,-239,989840,986,7697,69,1004875
359775,14876,31852802,31374,437370,509,1761110,32649947,https://www.mohfw.gov.in/,2021-08-28T06:00:00.000Z,https://github.com/zpelechova/covid-in/blob/master/README.md,Puducherry,768,1,120654,79,1809,0,123231
359775,14876,31852802,31374,437370,509,1761110,32649947,https://www.mohfw.gov.in/,2021-08-28T06:00:00.000Z,https://github.com/zpelechova/covid-in/blob/master/README.md,Punjab,410,3,583689,38,16364,2,600463
359775,14876,31852802,31374,437370,509,1761110,32649947,https://www.mohfw.gov.in/,2021-08-28T06:00:00.000Z,https://github.com/zpelechova/covid-in/blob/master/README.md,Rajasthan,111,4,945003,13,8954,0,954068
359775,14876,31852802,31374,437370,509,1761110,32649947,https://www.mohfw.gov.in/,2021-08-28T06:00:00.000Z,https://github.com/zpelechova/covid-in/blob/master/README.md,Sikkim,1342,-67,27929,108,368,1,29639
359775,14876,31852802,31374,437370,509,1761110,32649947,https://www.mohfw.gov.in/,2021-08-28T06:00:00.000Z,https://github.com/zpelechova/covid-in/blob/master/README.md,Tamil Nadu,17797,-272,2556116,1793,34835,21,2608748
359775,14876,31852802,31374,437370,509,1761110,32649947,https://www.mohfw.gov.in/,2021-08-28T06:00:00.000Z,https://github.com/zpelechova/covid-in/blob/master/README.md,Telangana,6166,-80,646761,417,3867,2,656794
359775,14876,31852802,31374,437370,509,1761110,32649947,https://www.mohfw.gov.in/,2021-08-28T06:00:00.000Z,https://github.com/zpelechova/covid-in/blob/master/README.md,Tripura,1090,-60,80788,133,796,1,82674
359775,14876,31852802,31374,437370,509,1761110,32649947,https://www.mohfw.gov.in/,2021-08-28T06:00:00.000Z,https://github.com/zpelechova/covid-in/blob/master/README.md,Uttarakhand,321,-3,335174,32,7380,3,342875
359775,14876,31852802,31374,437370,509,1761110,32649947,https://www.mohfw.gov.in/,2021-08-28T06:00:00.000Z,https://github.com/zpelechova/covid-in/blob/master/README.md,Uttar Pradesh,329,-13,1686083,27,22796,2,1709208
359775,14876,31852802,31374,437370,509,1761110,32649947,https://www.mohfw.gov.in/,2021-08-28T06:00:00.000Z,https://github.com/zpelechova/covid-in/blob/master/README.md,West Bengal,9143,-24,1518684,719,18410,8,1546237
359775,14876,31852802,31374,437370,509,1761110,32649947,https://www.mohfw.gov.in/,2021-08-29T03:00:00.000Z,https://github.com/zpelechova/covid-in/blob/master/README.md,Andaman and Nicobar Islands,3,-1,7428,1,129,0,7560
359775,14876,31852802,31374,437370,509,1761110,32649947,https://www.mohfw.gov.in/,2021-08-29T03:00:00.000Z,https://github.com/zpelechova/covid-in/blob/master/README.md,Andhra Pradesh,15050,602,1980407,903,13788,10,2009245
359775,14876,31852802,31374,437370,509,1761110,32649947,https://www.mohfw.gov.in/,2021-08-29T03:00:00.000Z,https://github.com/zpelechova/covid-in/blob/master/README.md,Arunachal Pradesh,1112,-38,51388,164,260,0,52760
359775,14876,31852802,31374,437370,509,1761110,32649947,https://www.mohfw.gov.in/,2021-08-29T03:00:00.000Z,https://github.com/zpelechova/covid-in/blob/master/README.md,Assam,7532,-249,574280,739,5627,9,587439
359775,14876,31852802,31374,437370,509,1761110,32649947,https://www.mohfw.gov.in/,2021-08-29T03:00:00.000Z,https://github.com/zpelechova/covid-in/blob/master/README.md,Bihar,115,8,715905,11,9652,2,725672
359775,14876,31852802,31374,437370,509,1761110,32649947,https://www.mohfw.gov.in/,2021-08-29T03:00:00.000Z,https://github.com/zpelechova/covid-in/blob/master/README.md,Chandigarh,42,3,64230,4,812,0,65084
359775,14876,31852802,31374,437370,509,1761110,32649947,https://www.mohfw.gov.in/,2021-08-29T03:00:00.000Z,https://github.com/zpelechova/covid-in/blob/master/README.md,Chhattisgarh,545,-50,990260,81,13555,0,1004360
359775,14876,31852802,31374,437370,509,1761110,32649947,https://www.mohfw.gov.in/,2021-08-29T03:00:00.000Z,https://github.com/zpelechova/covid-in/blob/master/README.md,Dadra and Nagar Haveli and Daman and Diu,6,0,10653,0,4,0,10663
359775,14876,31852802,31374,437370,509,1761110,32649947,https://www.mohfw.gov.in/,2021-08-29T03:00:00.000Z,https://github.com/zpelechova/covid-in/blob/master/README.md,Delhi,412,-1,1412164,62,25080,0,1437656
359775,14876,31852802,31374,437370,509,1761110,32649947,https://www.mohfw.gov.in/,2021-08-29T03:00:00.000Z,https://github.com/zpelechova/covid-in/blob/master/README.md,Goa,935,-15,169480,95,3191,0,173606
359775,14876,31852802,31374,437370,509,1761110,32649947,https://www.mohfw.gov.in/,2021-08-29T03:00:00.000Z,https://github.com/zpelechova/covid-in/blob/master/README.md,Gujarat,155,-2,815140,14,10081,1,825376
359775,14876,31852802,31374,437370,509,1761110,32649947,https://www.mohfw.gov.in/,2021-08-29T03:00:00.000Z,https://github.com/zpelechova/covid-in/blob/master/README.md,Haryana,664,4,760096,16,9672,1,770432
359775,14876,31852802,31374,437370,509,1761110,32649947,https://www.mohfw.gov.in/,2021-08-29T03:00:00.000Z,https://github.com/zpelechova/covid-in/blob/master/README.md,Himachal Pradesh,1965,-112,207363,295,3585,3,212913
359775,14876,31852802,31374,437370,509,1761110,32649947,https://www.mohfw.gov.in/,2021-08-29T03:00:00.000Z,https://github.com/zpelechova/covid-in/blob/master/README.md,Jammu and Kashmir,1149,89,319259,76,4405,1,324813
359775,14876,31852802,31374,437370,509,1761110,32649947,https://www.mohfw.gov.in/,2021-08-29T03:00:00.000Z,https://github.com/zpelechova/covid-in/blob/master/README.md,Jharkhand,146,7,342537,14,5132,0,347815
359775,14876,31852802,31374,437370,509,1761110,32649947,https://www.mohfw.gov.in/,2021-08-29T03:00:00.000Z,https://github.com/zpelechova/covid-in/blob/master/README.md,Karnataka,18996,-330,2888520,1614,37248,17,2944764
359775,14876,31852802,31374,437370,509,1761110,32649947,https://www.mohfw.gov.in/,2021-08-29T03:00:00.000Z,https://github.com/zpelechova/covid-in/blob/master/README.md,Kerala,195796,14049,3730198,18573,20313,179,3946307
359775,14876,31852802,31374,437370,509,1761110,32649947,https://www.mohfw.gov.in/,2021-08-29T03:00:00.000Z,https://github.com/zpelechova/covid-in/blob/master/README.md,Ladakh,64,-2,20259,10,207,0,20530
359775,14876,31852802,31374,437370,509,1761110,32649947,https://www.mohfw.gov.in/,2021-08-29T03:00:00.000Z,https://github.com/zpelechova/covid-in/blob/master/README.md,Lakshadweep,33,1,10250,5,51,0,10334
359775,14876,31852802,31374,437370,509,1761110,32649947,https://www.mohfw.gov.in/,2021-08-29T03:00:00.000Z,https://github.com/zpelechova/covid-in/blob/master/README.md,Madhya Pradesh,82,6,781538,10,10516,0,792136
359775,14876,31852802,31374,437370,509,1761110,32649947,https://www.mohfw.gov.in/,2021-08-29T03:00:00.000Z,https://github.com/zpelechova/covid-in/blob/master/README.md,Maharashtra,55091,1183,6255451,3301,136900,170,6447442
359775,14876,31852802,31374,437370,509,1761110,32649947,https://www.mohfw.gov.in/,2021-08-29T03:00:00.000Z,https://github.com/zpelechova/covid-in/blob/master/README.md,Manipur,3486,-110,107410,418,1770,3,112666
359775,14876,31852802,31374,437370,509,1761110,32649947,https://www.mohfw.gov.in/,2021-08-29T03:00:00.000Z,https://github.com/zpelechova/covid-in/blob/master/README.md,Meghalaya,2663,-19,71120,279,1296,2,75079
359775,14876,31852802,31374,437370,509,1761110,32649947,https://www.mohfw.gov.in/,2021-08-29T03:00:00.000Z,https://github.com/zpelechova/covid-in/blob/master/README.md,Mizoram,8100,630,48336,256,206,0,56642
359775,14876,31852802,31374,437370,509,1761110,32649947,https://www.mohfw.gov.in/,2021-08-29T03:00:00.000Z,https://github.com/zpelechova/covid-in/blob/master/README.md,Nagaland,818,-27,28409,88,614,2,29841
359775,14876,31852802,31374,437370,509,1761110,32649947,https://www.mohfw.gov.in/,2021-08-29T03:00:00.000Z,https://github.com/zpelechova/covid-in/blob/master/README.md,Odisha,7338,-239,989840,986,7697,69,1004875
359775,14876,31852802,31374,437370,509,1761110,32649947,https://www.mohfw.gov.in/,2021-08-29T03:00:00.000Z,https://github.com/zpelechova/covid-in/blob/master/README.md,Puducherry,768,1,120654,79,1809,0,123231
359775,14876,31852802,31374,437370,509,1761110,32649947,https://www.mohfw.gov.in/,2021-08-29T03:00:00.000Z,https://github.com/zpelechova/covid-in/blob/master/README.md,Punjab,410,3,583689,38,16364,2,600463
359775,14876,31852802,31374,437370,509,1761110,32649947,https://www.mohfw.gov.in/,2021-08-29T03:00:00.000Z,https://github.com/zpelechova/covid-in/blob/master/README.md,Rajasthan,111,4,945003,13,8954,0,954068
359775,14876,31852802,31374,437370,509,1761110,32649947,https://www.mohfw.gov.in/,2021-08-29T03:00:00.000Z,https://github.com/zpelechova/covid-in/blob/master/README.md,Sikkim,1342,-67,27929,108,368,1,29639
359775,14876,31852802,31374,437370,509,1761110,32649947,https://www.mohfw.gov.in/,2021-08-29T03:00:00.000Z,https://github.com/zpelechova/covid-in/blob/master/README.md,Tamil Nadu,17797,-272,2556116,1793,34835,21,2608748
359775,14876,31852802,31374,437370,509,1761110,32649947,https://www.mohfw.gov.in/,2021-08-29T03:00:00.000Z,https://github.com/zpelechova/covid-in/blob/master/README.md,Telangana,6166,-80,646761,417,3867,2,656794
359775,14876,31852802,31374,437370,509,1761110,32649947,https://www.mohfw.gov.in/,2021-08-29T03:00:00.000Z,https://github.com/zpelechova/covid-in/blob/master/README.md,Tripura,1090,-60,80788,133,796,1,82674
359775,14876,31852802,31374,437370,509,1761110,32649947,https://www.mohfw.gov.in/,2021-08-29T03:00:00.000Z,https://github.com/zpelechova/covid-in/blob/master/README.md,Uttarakhand,321,-3,335174,32,7380,3,342875
359775,14876,31852802,31374,437370,509,1761110,32649947,https://www.mohfw.gov.in/,2021-08-29T03:00:00.000Z,https://github.com/zpelechova/covid-in/blob/master/README.md,Uttar Pradesh,329,-13,1686083,27,22796,2,1709208
359775,14876,31852802,31374,437370,509,1761110,32649947,https://www.mohfw.gov.in/,2021-08-29T03:00:00.000Z,https://github.com/zpelechova/covid-in/blob/master/README.md,West Bengal,9143,-24,1518684,719,18410,8,1546237
393614,2358,32304618,40567,441749,338,1817639,33139981,https://www.mohfw.gov.in/,2021-09-09T06:00:00.000Z,https://github.com/zpelechova/covid-in/blob/master/README.md,Andaman and Nicobar Islands,9,2,7438,1,129,0,7576
393614,2358,32304618,40567,441749,338,1817639,33139981,https://www.mohfw.gov.in/,2021-09-09T06:00:00.000Z,https://github.com/zpelechova/covid-in/blob/master/README.md,Andhra Pradesh,14510,58,1996143,1288,13950,15,2024603
393614,2358,32304618,40567,441749,338,1817639,33139981,https://www.mohfw.gov.in/,2021-09-09T06:00:00.000Z,https://github.com/zpelechova/covid-in/blob/master/README.md,Arunachal Pradesh,617,6,52665,70,269,1,53551
393614,2358,32304618,40567,441749,338,1817639,33139981,https://www.mohfw.gov.in/,2021-09-09T06:00:00.000Z,https://github.com/zpelechova/covid-in/blob/master/README.md,Assam,6298,-159,581493,582,5723,4,593514
393614,2358,32304618,40567,441749,338,1817639,33139981,https://www.mohfw.gov.in/,2021-09-09T06:00:00.000Z,https://github.com/zpelechova/covid-in/blob/master/README.md,Bihar,65,10,716062,8,9657,1,725784
393614,2358,32304618,40567,441749,338,1817639,33139981,https://www.mohfw.gov.in/,2021-09-09T06:00:00.000Z,https://github.com/zpelechova/covid-in/blob/master/README.md,Chandigarh,31,-3,64292,17,815,0,65138
393614,2358,32304618,40567,441749,338,1817639,33139981,https://www.mohfw.gov.in/,2021-09-09T06:00:00.000Z,https://github.com/zpelechova/covid-in/blob/master/README.md,Chhattisgarh,390,26,990825,22,13557,0,1004772
393614,2358,32304618,40567,441749,338,1817639,33139981,https://www.mohfw.gov.in/,2021-09-09T06:00:00.000Z,https://github.com/zpelechova/covid-in/blob/master/README.md,Dadra and Nagar Haveli and Daman and Diu,6,4,10659,0,4,0,10669
393614,2358,32304618,40567,441749,338,1817639,33139981,https://www.mohfw.gov.in/,2021-09-09T06:00:00.000Z,https://github.com/zpelechova/covid-in/blob/master/README.md,Delhi,414,28,1412585,13,25083,0,1438082
393614,2358,32304618,40567,441749,338,1817639,33139981,https://www.mohfw.gov.in/,2021-09-09T06:00:00.000Z,https://github.com/zpelechova/covid-in/blob/master/README.md,Goa,856,2,170578,82,3212,2,174646
393614,2358,32304618,40567,441749,338,1817639,33139981,https://www.mohfw.gov.in/,2021-09-09T06:00:00.000Z,https://github.com/zpelechova/covid-in/blob/master/README.md,Gujarat,151,2,815311,15,10082,0,825544
393614,2358,32304618,40567,441749,338,1817639,33139981,https://www.mohfw.gov.in/,2021-09-09T06:00:00.000Z,https://github.com/zpelechova/covid-in/blob/master/README.md,Haryana,607,-15,760308,32,9686,0,770601
393614,2358,32304618,40567,441749,338,1817639,33139981,https://www.mohfw.gov.in/,2021-09-09T06:00:00.000Z,https://github.com/zpelechova/covid-in/blob/master/README.md,Himachal Pradesh,1703,21,209749,138,3622,4,215074
393614,2358,32304618,40567,441749,338,1817639,33139981,https://www.mohfw.gov.in/,2021-09-09T06:00:00.000Z,https://github.com/zpelechova/covid-in/blob/master/README.md,Jammu and Kashmir,1251,-13,320648,163,4411,1,326310
393614,2358,32304618,40567,441749,338,1817639,33139981,https://www.mohfw.gov.in/,2021-09-09T06:00:00.000Z,https://github.com/zpelechova/covid-in/blob/master/README.md,Jharkhand,139,10,342740,13,5133,0,348012
393614,2358,32304618,40567,441749,338,1817639,33139981,https://www.mohfw.gov.in/,2021-09-09T06:00:00.000Z,https://github.com/zpelechova/covid-in/blob/master/README.md,Karnataka,17085,-373,2903547,1458,37458,17,2958090
393614,2358,32304618,40567,441749,338,1817639,33139981,https://www.mohfw.gov.in/,2021-09-09T06:00:00.000Z,https://github.com/zpelechova/covid-in/blob/master/README.md,Kerala,240037,2436,4021456,27579,22001,181,4283494
393614,2358,32304618,40567,441749,338,1817639,33139981,https://www.mohfw.gov.in/,2021-09-09T06:00:00.000Z,https://github.com/zpelechova/covid-in/blob/master/README.md,Ladakh,39,-9,20347,9,207,0,20593
393614,2358,32304618,40567,441749,338,1817639,33139981,https://www.mohfw.gov.in/,2021-09-09T06:00:00.000Z,https://github.com/zpelechova/covid-in/blob/master/README.md,Lakshadweep,2,-2,10296,3,51,0,10349
393614,2358,32304618,40567,441749,338,1817639,33139981,https://www.mohfw.gov.in/,2021-09-09T06:00:00.000Z,https://github.com/zpelechova/covid-in/blob/master/README.md,Madhya Pradesh,137,10,781644,6,10516,0,792297
393614,2358,32304618,40567,441749,338,1817639,33139981,https://www.mohfw.gov.in/,2021-09-09T06:00:00.000Z,https://github.com/zpelechova/covid-in/blob/master/README.md,Maharashtra,51419,-46,6308491,4155,137962,65,6497872
393614,2358,32304618,40567,441749,338,1817639,33139981,https://www.mohfw.gov.in/,2021-09-09T06:00:00.000Z,https://github.com/zpelechova/covid-in/blob/master/README.md,Manipur,3164,-4,111165,269,1805,3,116134
393614,2358,32304618,40567,441749,338,1817639,33139981,https://www.mohfw.gov.in/,2021-09-09T06:00:00.000Z,https://github.com/zpelechova/covid-in/blob/master/README.md,Meghalaya,1888,-36,74246,230,1337,2,77471
393614,2358,32304618,40567,441749,338,1817639,33139981,https://www.mohfw.gov.in/,2021-09-09T06:00:00.000Z,https://github.com/zpelechova/covid-in/blob/master/README.md,Mizoram,12304,318,55438,741,229,2,67971
393614,2358,32304618,40567,441749,338,1817639,33139981,https://www.mohfw.gov.in/,2021-09-09T06:00:00.000Z,https://github.com/zpelechova/covid-in/blob/master/README.md,Nagaland,707,-2,29144,50,634,2,30485
393614,2358,32304618,40567,441749,338,1817639,33139981,https://www.mohfw.gov.in/,2021-09-09T06:00:00.000Z,https://github.com/zpelechova/covid-in/blob/master/README.md,Odisha,6332,180,999165,574,8070,8,1013567
393614,2358,32304618,40567,441749,338,1817639,33139981,https://www.mohfw.gov.in/,2021-09-09T06:00:00.000Z,https://github.com/zpelechova/covid-in/blob/master/README.md,Puducherry,986,12,121631,113,1819,0,124436
393614,2358,32304618,40567,441749,338,1817639,33139981,https://www.mohfw.gov.in/,2021-09-09T06:00:00.000Z,https://github.com/zpelechova/covid-in/blob/master/README.md,Punjab,319,-1,584146,36,16449,2,600914
393614,2358,32304618,40567,441749,338,1817639,33139981,https://www.mohfw.gov.in/,2021-09-09T06:00:00.000Z,https://github.com/zpelechova/covid-in/blob/master/README.md,Rajasthan,82,2,945125,10,8954,0,954161
393614,2358,32304618,40567,441749,338,1817639,33139981,https://www.mohfw.gov.in/,2021-09-09T06:00:00.000Z,https://github.com/zpelechova/covid-in/blob/master/README.md,Sikkim,862,3,29146,51,376,0,30384
393614,2358,32304618,40567,441749,338,1817639,33139981,https://www.mohfw.gov.in/,2021-09-09T06:00:00.000Z,https://github.com/zpelechova/covid-in/blob/master/README.md,Tamil Nadu,16180,-25,2576112,1594,35073,18,2627365
393614,2358,32304618,40567,441749,338,1817639,33139981,https://www.mohfw.gov.in/,2021-09-09T06:00:00.000Z,https://github.com/zpelechova/covid-in/blob/master/README.md,Telangana,5497,21,651085,307,3889,1,660471
393614,2358,32304618,40567,441749,338,1817639,33139981,https://www.mohfw.gov.in/,2021-09-09T06:00:00.000Z,https://github.com/zpelechova/covid-in/blob/master/README.md,Tripura,676,29,81999,35,803,0,83478
393614,2358,32304618,40567,441749,338,1817639,33139981,https://www.mohfw.gov.in/,2021-09-09T06:00:00.000Z,https://github.com/zpelechova/covid-in/blob/master/README.md,Uttarakhand,349,-22,335413,34,7389,0,343151
393614,2358,32304618,40567,441749,338,1817639,33139981,https://www.mohfw.gov.in/,2021-09-09T06:00:00.000Z,https://github.com/zpelechova/covid-in/blob/master/README.md,Uttar Pradesh,214,-13,1686417,28,22863,0,1709494
393614,2358,32304618,40567,441749,338,1817639,33139981,https://www.mohfw.gov.in/,2021-09-09T06:00:00.000Z,https://github.com/zpelechova/covid-in/blob/master/README.md,West Bengal,8288,-99,1527109,841,18531,9,1553928
